Date,Item_Code,Purchases,Sales
2025-12-01,321601,1130,85
2025-12-01,321602,0,53
2025-12-01,321614,0,102
2025-12-01,101204,0,2584
2025-12-01,120405,0,207
2025-12-02,321601,0,86
2025-12-02,321602,0,75
2025-12-02,321614,0,94
2025-12-02,101204,0,2815
2025-12-02,120405,0,153
2025-12-03,321601,0,72
2025-12-03,321602,0,65
2025-12-03,321614,0,91
2025-12-03,101204,0,2556
2025-12-03,120405,2646,200
2025-12-04,321601,0,82
2025-12-04,321602,0,58
2025-12-04,321614,0,116
2025-12-04,101204,0,3266
2025-12-04,120405,0,152
2025-12-05,321601,0,91
2025-12-05,321602,0,70
2025-12-05,321614,0,105
2025-12-05,101204,0,2506
2025-12-05,120405,0,224
2025-12-06,321601,0,75
2025-12-06,321602,0,54
2025-12-06,321614,0,94
2025-12-06,101204,40685,3310
2025-12-06,120405,0,197
2025-12-07,321601,0,91
2025-12-07,321602,0,71
2025-12-07,321614,0,114
2025-12-07,101204,0,3456
2025-12-07,120405,0,180
2025-12-08,321601,0,82
2025-12-08,321602,0,74
2025-12-08,321614,0,118
2025-12-08,101204,0,3327
2025-12-08,120405,0,195
2025-12-09,321601,0,87
2025-12-09,321602,0,53
2025-12-09,321614,1571,100
2025-12-09,101204,0,2661
2025-12-09,120405,0,157
2025-12-10,321601,0,72
2025-12-10,321602,0,55
2025-12-10,321614,0,102
2025-12-10,101204,0,3064
2025-12-10,120405,0,179
2025-12-11,321601,0,77
2025-12-11,321602,0,58
2025-12-11,321614,0,102
2025-12-11,101204,0,3414
2025-12-11,120405,0,200
2025-12-12,321601,0,84
2025-12-12,321602,911,57
2025-12-12,321614,0,122
2025-12-12,101204,0,2515
2025-12-12,120405,0,180
2025-12-13,321601,0,97
2025-12-13,321602,0,69
2025-12-13,321614,0,115
2025-12-13,101204,0,3121
2025-12-13,120405,0,215
2025-12-14,321601,0,90
2025-12-14,321602,0,58
2025-12-14,321614,0,91
2025-12-14,101204,0,2692
2025-12-14,120405,0,171
2025-12-15,321601,1130,71
2025-12-15,321602,0,77
2025-12-15,321614,0,129
2025-12-15,101204,0,2691
2025-12-15,120405,0,201
2025-12-16,321601,0,77
2025-12-16,321602,0,76
2025-12-16,321614,0,110
2025-12-16,101204,0,2633
2025-12-16,120405,0,170
2025-12-17,321601,0,83
2025-12-17,321602,0,59
2025-12-17,321614,0,116
2025-12-17,101204,0,3368
2025-12-17,120405,2646,181
2025-12-18,321601,0,72
2025-12-18,321602,0,78
2025-12-18,321614,0,113
2025-12-18,101204,0,2431
2025-12-18,120405,0,155
2025-12-19,321601,0,68
2025-12-19,321602,0,68
2025-12-19,321614,0,125
2025-12-19,101204,0,2816
2025-12-19,120405,0,156
2025-12-20,321601,0,77
2025-12-20,321602,0,78
2025-12-20,321614,0,114
2025-12-20,101204,40685,3454
2025-12-20,120405,0,216
2025-12-21,321601,0,65
2025-12-21,321602,0,71
2025-12-21,321614,0,120
2025-12-21,101204,0,2949
2025-12-21,120405,0,171
2025-12-22,321601,0,85
2025-12-22,321602,0,55
2025-12-22,321614,0,109
2025-12-22,101204,0,2852
2025-12-22,120405,0,223
2025-12-23,321601,0,93
2025-12-23,321602,0,59
2025-12-23,321614,1571,112
2025-12-23,101204,0,2533
2025-12-23,120405,0,220
2025-12-24,321601,0,93
2025-12-24,321602,0,60
2025-12-24,321614,0,118
2025-12-24,101204,0,3033
2025-12-24,120405,0,163
2025-12-25,321601,0,89
2025-12-25,321602,0,66
2025-12-25,321614,0,125
2025-12-25,101204,0,2941
2025-12-25,120405,0,151
2025-12-26,321601,0,75
2025-12-26,321602,911,53
2025-12-26,321614,0,131
2025-12-26,101204,0,3346
2025-12-26,120405,0,214
2025-12-27,321601,0,75
2025-12-27,321602,0,54
2025-12-27,321614,0,129
2025-12-27,101204,0,3426
2025-12-27,120405,0,158
2025-12-28,321601,0,80
2025-12-28,321602,0,54
2025-12-28,321614,0,124
2025-12-28,101204,0,3215
2025-12-28,120405,0,161
2025-12-29,321601,1130,80
2025-12-29,321602,0,66
2025-12-29,321614,0,102
2025-12-29,101204,0,3339
2025-12-29,120405,0,183
2025-12-30,321601,0,71
2025-12-30,321602,0,66
2025-12-30,321614,0,123
2025-12-30,101204,0,2559
2025-12-30,120405,0,175
2025-12-31,321601,0,97
2025-12-31,321602,0,69
2025-12-31,321614,0,109
2025-12-31,101204,0,2926
2025-12-31,120405,2646,160
2026-01-01,321601,0,76
2026-01-01,321602,0,58
2026-01-01,321614,0,112
2026-01-01,101204,0,2729
2026-01-01,120405,0,160
2026-01-02,321601,0,70
2026-01-02,321602,0,65
2026-01-02,321614,0,96
2026-01-02,101204,0,3555
2026-01-02,120405,0,206
2026-01-03,321601,0,70
2026-01-03,321602,0,56
2026-01-03,321614,0,115
2026-01-03,101204,42826,2709
2026-01-03,120405,0,154
2026-01-04,321601,0,100
2026-01-04,321602,0,64
2026-01-04,321614,0,107
2026-01-04,101204,0,3407
2026-01-04,120405,0,202
2026-01-05,321601,0,74
2026-01-05,321602,0,52
2026-01-05,321614,0,105
2026-01-05,101204,0,2965
2026-01-05,120405,0,178
2026-01-06,321601,0,93
2026-01-06,321602,0,66
2026-01-06,321614,1509,129
2026-01-06,101204,0,2568
2026-01-06,120405,0,173
2026-01-07,321601,0,80
2026-01-07,321602,0,71
2026-01-07,321614,0,97
2026-01-07,101204,0,2680
2026-01-07,120405,0,176
2026-01-08,321601,0,82
2026-01-08,321602,0,57
2026-01-08,321614,0,97
2026-01-08,101204,0,3577
2026-01-08,120405,0,176
2026-01-09,321601,0,97
2026-01-09,321602,868,63
2026-01-09,321614,0,88
2026-01-09,101204,0,3670
2026-01-09,120405,0,204
2026-01-10,321601,0,101
2026-01-10,321602,0,73
2026-01-10,321614,0,123
2026-01-10,101204,0,2651
2026-01-10,120405,0,179
2026-01-11,321601,0,75
2026-01-11,321602,0,60
2026-01-11,321614,0,89
2026-01-11,101204,0,2911
2026-01-11,120405,0,215
2026-01-12,321601,1190,77
2026-01-12,321602,0,69
2026-01-12,321614,0,106
2026-01-12,101204,0,2965
2026-01-12,120405,0,213
2026-01-13,321601,0,102
2026-01-13,321602,0,63
2026-01-13,321614,0,117
2026-01-13,101204,0,2637
2026-01-13,120405,0,165
2026-01-14,321601,0,101
2026-01-14,321602,0,64
2026-01-14,321614,0,110
2026-01-14,101204,0,3362
2026-01-14,120405,2520,148
2026-01-15,321601,0,88
2026-01-15,321602,0,62
2026-01-15,321614,0,123
2026-01-15,101204,0,2640
2026-01-15,120405,0,213
2026-01-16,321601,0,71
2026-01-16,321602,0,54
2026-01-16,321614,0,112
2026-01-16,101204,0,3273
2026-01-16,120405,0,161
2026-01-17,321601,0,72
2026-01-17,321602,0,72
2026-01-17,321614,0,97
2026-01-17,101204,42826,3175
2026-01-17,120405,0,189
2026-01-18,321601,0,82
2026-01-18,321602,0,64
2026-01-18,321614,0,109
2026-01-18,101204,0,3591
2026-01-18,120405,0,159
2026-01-19,321601,0,92
2026-01-19,321602,0,56
2026-01-19,321614,0,103
2026-01-19,101204,0,3269
2026-01-19,120405,0,166
2026-01-20,321601,0,79
2026-01-20,321602,0,68
2026-01-20,321614,1509,89
2026-01-20,101204,0,3008
2026-01-20,120405,0,216
2026-01-21,321601,0,102
2026-01-21,321602,0,51
2026-01-21,321614,0,95
2026-01-21,101204,0,2772
2026-01-21,120405,0,211
2026-01-22,321601,0,98
2026-01-22,321602,0,71
2026-01-22,321614,0,102
2026-01-22,101204,0,2640
2026-01-22,120405,0,204
2026-01-23,321601,0,92
2026-01-23,321602,868,65
2026-01-23,321614,0,129
2026-01-23,101204,0,3247
2026-01-23,120405,0,145
2026-01-24,321601,0,96
2026-01-24,321602,0,57
2026-01-24,321614,0,115
2026-01-24,101204,0,3596
2026-01-24,120405,0,154
2026-01-25,321601,0,72
2026-01-25,321602,0,52
2026-01-25,321614,0,110
2026-01-25,101204,0,2780
2026-01-25,120405,0,188
2026-01-26,321601,1190,92
2026-01-26,321602,0,55
2026-01-26,321614,0,114
2026-01-26,101204,0,2770
2026-01-26,120405,0,179
2026-01-27,321601,0,99
2026-01-27,321602,0,71
2026-01-27,321614,0,90
2026-01-27,101204,0,2965
2026-01-27,120405,0,164
2026-01-28,321601,0,68
2026-01-28,321602,0,69
2026-01-28,321614,0,114
2026-01-28,101204,0,2768
2026-01-28,120405,2520,197
2026-01-29,321601,0,87
2026-01-29,321602,0,60
2026-01-29,321614,0,87
2026-01-29,101204,0,2539
2026-01-29,120405,0,208
2026-01-30,321601,0,99
2026-01-30,321602,0,63
2026-01-30,321614,0,122
2026-01-30,101204,0,3160
2026-01-30,120405,0,155
2026-01-31,321601,0,72
2026-01-31,321602,0,57
2026-01-31,321614,0,125
2026-01-31,101204,42826,3421
2026-01-31,120405,0,206
2026-02-01,321601,0,103
2026-02-01,321602,0,52
2026-02-01,321614,0,99
2026-02-01,101204,0,2702
2026-02-01,120405,0,190
2026-02-02,321601,0,103
2026-02-02,321602,0,57
2026-02-02,321614,0,115
2026-02-02,101204,0,2768
2026-02-02,120405,0,200
2026-02-03,321601,0,102
2026-02-03,321602,0,70
2026-02-03,321614,1540,124
2026-02-03,101204,0,3702
2026-02-03,120405,0,138
2026-02-04,321601,0,98
2026-02-04,321602,0,55
2026-02-04,321614,0,129
2026-02-04,101204,0,3600
2026-02-04,120405,0,196
2026-02-05,321601,0,100
2026-02-05,321602,0,53
2026-02-05,321614,0,123
2026-02-05,101204,0,2708
2026-02-05,120405,0,196
2026-02-06,321601,0,102
2026-02-06,321602,825,52
2026-02-06,321614,0,124
2026-02-06,101204,0,3161
2026-02-06,120405,0,158
2026-02-07,321601,0,100
2026-02-07,321602,0,52
2026-02-07,321614,0,89
2026-02-07,101204,0,2818
2026-02-07,120405,0,159
2026-02-08,321601,0,102
2026-02-08,321602,0,70
2026-02-08,321614,0,100
2026-02-08,101204,0,3394
2026-02-08,120405,0,164
2026-02-09,321601,1250,106
2026-02-09,321602,0,60
2026-02-09,321614,0,129
2026-02-09,101204,0,2718
2026-02-09,120405,0,203
2026-02-10,321601,0,78
2026-02-10,321602,0,70
2026-02-10,321614,0,100
2026-02-10,101204,0,2709
2026-02-10,120405,0,167
2026-02-11,321601,0,97
2026-02-11,321602,0,55
2026-02-11,321614,0,115
2026-02-11,101204,0,3227
2026-02-11,120405,2394,163
2026-02-12,321601,0,92
2026-02-12,321602,0,53
2026-02-12,321614,0,119
2026-02-12,101204,0,2572
2026-02-12,120405,0,200
2026-02-13,321601,0,91
2026-02-13,321602,0,64
2026-02-13,321614,0,121
2026-02-13,101204,0,3431
2026-02-13,120405,0,162
2026-02-14,321601,0,74
2026-02-14,321602,0,63
2026-02-14,321614,0,103
2026-02-14,101204,44967,2973
2026-02-14,120405,0,195
2026-02-15,321601,0,97
2026-02-15,321602,0,54
2026-02-15,321614,0,102
2026-02-15,101204,0,3094
2026-02-15,120405,0,164
2026-02-16,321601,0,82
2026-02-16,321602,0,50
2026-02-16,321614,0,106
2026-02-16,101204,0,3778
2026-02-16,120405,0,183
2026-02-17,321601,0,104
2026-02-17,321602,0,62
2026-02-17,321614,1540,101
2026-02-17,101204,0,3274
2026-02-17,120405,0,137
2026-02-18,321601,0,82
2026-02-18,321602,0,57
2026-02-18,321614,0,114
2026-02-18,101204,0,3411
2026-02-18,120405,0,169
2026-02-19,321601,0,87
2026-02-19,321602,0,52
2026-02-19,321614,0,109
2026-02-19,101204,0,3727
2026-02-19,120405,0,191
2026-02-20,321601,0,77
2026-02-20,321602,825,49
2026-02-20,321614,0,111
2026-02-20,101204,0,3383
2026-02-20,120405,0,160
2026-02-21,321601,0,101
2026-02-21,321602,0,65
2026-02-21,321614,0,118
2026-02-21,101204,0,2858
2026-02-21,120405,0,150
2026-02-22,321601,0,72
2026-02-22,321602,0,53
2026-02-22,321614,0,109
2026-02-22,101204,0,3661
2026-02-22,120405,0,142
2026-02-23,321601,1250,86
2026-02-23,321602,0,62
2026-02-23,321614,0,97
2026-02-23,101204,0,3464
2026-02-23,120405,0,171
2026-02-24,321601,0,80
2026-02-24,321602,0,63
2026-02-24,321614,0,88
2026-02-24,101204,0,3534
2026-02-24,120405,0,189
2026-02-25,321601,0,75
2026-02-25,321602,0,57
2026-02-25,321614,0,96
2026-02-25,101204,0,3800
2026-02-25,120405,2394,172
2026-02-26,321601,0,73
2026-02-26,321602,0,53
2026-02-26,321614,0,125
2026-02-26,101204,0,3156
2026-02-26,120405,0,192
2026-02-27,321601,0,95
2026-02-27,321602,0,70
2026-02-27,321614,0,114
2026-02-27,101204,0,3790
2026-02-27,120405,0,198
2026-02-28,321601,0,93
2026-02-28,321602,0,64
2026-02-28,321614,0,110
2026-02-28,101204,44967,3637
2026-02-28,120405,0,174
